email,course
lborrillt@barnesandnoble.com,1º ESO A
bbossu@prlog.org,1º ESO A
erenadv@51.la,2º ESO A
cglasscottw@so-net.ne.jp,1º ESO B
iteasx@earthlink.net,1º ESO B
blagey@illinois.edu,2º ESO B
sgabalaz@census.gov,3º ESO B
ceustace10@shareasale.com,1º ESO A
twainer11@blog.com,1º ESO B
csmee12@cafepress.com,2º ESO B
bdowman13@princeton.edu,3º ESO B
hmapplebeck14@vk.com,1º ESO A
hcoit15@independent.co.uk,2º ESO A
challatt16@nydailynews.com,3º ESO A
sayto17@dagondesign.com,4º ESO A
bregorz18@accuweather.com,1º ESO A
ftoffetto19@umn.edu,2º ESO A
ksmaleman1a@infoseek.co.jp,1º ESO B
hmunden1b@themeforest.net,1º ESO A
hcarles1c@dagondesign.com,2º ESO A
nklouz1d@statcounter.com,1º ESO B
adunnico1e@bloglines.com,2º ESO B
kforman1f@bravesites.com,3º ESO B
akensley1g@washingtonpost.com,4º ESO B
mblackston1h@mashable.com,1º ESO A
nwhall1i@flavors.me,2º ESO A
gteeney1j@redcross.org,3º ESO A
lfessler1k@edublogs.org,4º ESO A
gburberye1l@paypal.com,1º ESO A
dmcgrail1m@webeden.co.uk,2º ESO A
raronoff1n@vkontakte.ru,3º ESO A
sviccary1o@rakuten.co.jp,4º ESO A
ddowears1p@ebay.com,1º ESO A
sclouter1q@cocolog-nifty.com,2º ESO A
cserrurier1r@indiegogo.com,3º ESO A
fivashkin1s@blogs.com,4º ESO A
cfloyed1t@mlb.com,1º ESO A
kblackburne1u@va.gov,2º ESO A
cknottley1v@about.com,3º ESO A
gscamel1w@amazon.co.jp,4º ESO A
dangier1x@indiatimes.com,4º ESO A
lwanklyn1y@google.ru,1º ESO A
emetcalf1z@parallels.com,2º ESO A
whubert20@washingtonpost.com,3º ESO A
jhoofe21@eepurl.com,4º ESO A
rchoke22@bbc.co.uk,1º ESO A
fdreye23@nature.com,2º ESO A
gdavidman24@barnesandnoble.com,3º ESO A
jandrioni25@gnu.org,4º ESO A
gstrooband26@reference.com,1º ESO A
bgoare27@opensource.org,2º ESO A
tcropp28@timesonline.co.uk,3º ESO A
iverling29@seattletimes.com,4º ESO A
rheinzel2a@livejournal.com,4º ESO A
mstrutz2b@intel.com,1º ESO A
bcluer2c@washingtonpost.com,2º ESO A
kwayon2d@acquirethisname.com,3º ESO A
sallain2e@pagesperso-orange.fr,4º ESO A
gprayer2f@hugedomains.com,1º ESO A
fpavic2g@gravatar.com,2º ESO A
joxbury2h@phpbb.com,3º ESO A
smalins2i@si.edu,4º ESO A
lbinyon2j@exblog.jp,1º ESO A
cstoves2k@unblog.fr,2º ESO A
adungay2l@simplemachines.org,3º ESO A
dcholonin2m@squidoo.com,4º ESO A
lsherr2n@1688.com,4º ESO A
jgiacomello2o@devhub.com,1º ESO A
cbirk2p@i2i.jp,2º ESO A
ggander2q@cbslocal.com,3º ESO A
tlube2r@home.pl,4º ESO A
lbeyne2t@uol.com.br,2º ESO A
ddawtre2u@rambler.ru,3º ESO A
jparsand2v@tumblr.com,4º ESO A
abooton2w@google.nl,1º ESO A
rsussans2x@theatlantic.com,2º ESO A
pstower2y@ed.gov,3º ESO A
gwalewski2z@epa.gov,4º ESO A
tvaz30@google.com,4º ESO A
jshoreman31@vistaprint.com,4º ESO A
hbrazelton32@live.com,4º ESO A
drielly33@google.com.hk,1º ESO A
kkirmond34@parallels.com,4º ESO A
mpeepall35@surveymonkey.com,1º ESO A
csuttell36@wikia.com,2º ESO A
eduns37@wordpress.com,3º ESO A
mchanders38@vimeo.com,4º ESO A
hpocke39@ca.gov,1º ESO A
fsalvadori3a@soup.io,2º ESO A
dmuffitt3b@alexa.com,3º ESO A
msymes3c@berkeley.edu,4º ESO A
jgoodings3d@scientificamerican.com,1º ESO A
kmatessian3e@goo.gl,2º ESO A
bstonbridge3f@webeden.co.uk,3º ESO A
lmcilrath3g@samsung.com,4º ESO A
ldecourt3h@goodreads.com,2º ESO A
rkliment3i@wikimedia.org,3º ESO A
aeades3j@blogs.com,4º ESO A
jkemm3k@google.com.au,1º ESO A
pblackshaw3l@psu.edu,2º ESO A
gparffrey3m@livejournal.com,3º ESO A
ycicconettii3n@cmu.edu,4º ESO A
uclough3o@paypal.com,1º ESO A
tsimonin3p@github.io,2º ESO A
kwhistance3q@patch.com,3º ESO A
wfairlam3r@g.co,4º ESO A
tsolloway3s@senate.gov,1º ESO B
jroyson3t@ca.gov,2º ESO B
jjedrasik3u@seesaa.net,3º ESO B
emckimmey3v@engadget.com,4º ESO B
ggentile3w@shareasale.com,1º ESO B
ssmallridge3x@opera.com,1º ESO B
mmcewan3y@bloglovin.com,2º ESO B
dduke3z@amazon.com,3º ESO B
wpeizer40@nhs.uk,4º ESO B
dheathcott41@ebay.com,1º ESO B
rsellars42@hc360.com,1º ESO B
gdavidovici43@phoca.cz,2º ESO B
mbarus44@stumbleupon.com,3º ESO B
rorafferty45@netscape.com,4º ESO B
jtrusler46@uiuc.edu,1º ESO B
goscollee47@jiathis.com,2º ESO A
pmcparland48@yolasite.com,3º ESO A
amcgill49@answers.com,4º ESO A
apinwell4a@kickstarter.com,1º ESO A
rroskrug4b@bbc.co.uk,1º ESO B
tduffitt4c@addtoany.com,2º ESO B
ftewelson4d@usa.gov,3º ESO B
chartell4e@ovh.net,4º ESO B
dlademann4f@zdnet.com,1º ESO B
rtillot4g@state.gov,2º ESO B
bscottini4h@hhs.gov,3º ESO B
mfrossell4i@stumbleupon.com,4º ESO B
utrehearne4j@nps.gov,1º ESO B
wgoodhand4k@51.la,2º ESO B
sgould4l@live.com,3º ESO B
khirsthouse4m@nymag.com,4º ESO B
arobbey4n@xrea.com,1º ESO B
ssanney4o@i2i.jp,2º ESO B
eniles4p@jugem.jp,3º ESO B
mmcsorley4q@posterous.com,4º ESO B
gmontgomery4r@mlb.com,1º ESO B
pboykett4s@constantcontact.com,2º ESO B
hscade4t@last.fm,3º ESO B
aatcock4u@wufoo.com,1º ESO B
bfilliskirk4v@psu.edu,2º ESO B
gquilligan4w@over-blog.com,3º ESO B
lmintrim4x@gnu.org,4º ESO B
tmercik4y@geocities.jp,1º ESO B
wbaitman4z@blog.com,1º ESO B
mmauvin50@illinois.edu,2º ESO B
kcrosen51@google.de,3º ESO B
vpeinke52@answers.com,4º ESO B
ggrigg53@360.cn,1º ESO B
eguilfoyle54@parallels.com,2º ESO B
cschrader55@harvard.edu,3º ESO B
astopforth56@oakley.com,1º ESO B
nblethyn57@theguardian.com,2º ESO B
zthalmann58@kickstarter.com,3º ESO B
jhammant59@sohu.com,4º ESO B
nlawley5a@sfgate.com,3º ESO B
mtonkinson5b@canalblog.com,4º ESO B
aclery5c@amazon.com,1º ESO B
lscantleberry5d@hugedomains.com,2º ESO B
ndrayson5e@rediff.com,3º ESO B
pchiverton5f@google.it,1º ESO B
mgalbreath5g@amazon.co.uk,4º ESO B
ibachellier5h@slideshare.net,1º ESO B
ulinnit5i@dell.com,2º ESO B
rtimby5j@discuz.net,3º ESO B
cstansell5k@drupal.org,4º ESO B
vsighart5l@altervista.org,1º ESO B
wandryushchenko5m@mysql.com,2º ESO B
kmowsley5n@home.pl,3º ESO B
rewins5o@skype.com,1º ESO B
mrosenshine5p@163.com,2º ESO B
mdomino5q@army.mil,3º ESO B
ltregea5r@mlb.com,4º ESO B
okiefer5s@google.fr,1º ESO B
ymingardi5t@woothemes.com,1º ESO B
rdanby5u@answers.com,2º ESO B
hennor5v@yale.edu,3º ESO B
adriffill5w@adobe.com,4º ESO B
wgatherell5x@ibm.com,1º ESO B
apeterkin5y@youtube.com,2º ESO B
lthorwarth5z@cdbaby.com,3º ESO B
lmitchelmore60@businessinsider.com,1º ESO B
tgass61@yandex.ru,2º ESO C
gmorgans62@blogtalkradio.com,3º ESO C
mgunbie63@google.co.uk,1º ESO B
pgarnar64@simplemachines.org,1º ESO B
jsteger65@noaa.gov,1º ESO B
tcarnalan66@linkedin.com,1º ESO C
lplacstone67@163.com,1º ESO B
mbell68@vkontakte.ru,1º ESO C
mhoffman69@chronoengine.com,1º ESO B
sroddan6a@symantec.com,1º ESO C
kready6b@mapy.cz,1º ESO B
shenriquet6c@issuu.com,1º ESO C
ilevesque6d@ow.ly,1º ESO B
dcasely6e@google.de,1º ESO B
crama6f@bloglines.com,1º ESO B
yambrosini6g@blinklist.com,2º ESO B
tgarbutt6h@wisc.edu,3º ESO B
dlarkcum6i@hexun.com,4º ESO B
scastelletti6j@newsvine.com,1º ESO B
psutterfield6k@wordpress.org,1º ESO B
hduggleby6l@dagondesign.com,1º ESO B
wvanhalle6m@dell.com,1º ESO B
gpepper6o@yandex.ru,2º ESO E
dstudman6p@sourceforge.net,3º ESO E
tbastone6q@chron.com,1º ESO A
malden6r@bloglovin.com,1º ESO A
aschwerin6s@ucla.edu,2º ESO A
cmicheau6t@cnbc.com,1º ESO A
dcadwallader6u@ucoz.com,1º ESO A
bellin6v@salon.com,1º ESO A
acranage6w@aol.com,1º ESO A
dtestro6x@webs.com,1º ESO A
dfowley6y@globo.com,2º ESO A
dmccluskey6z@nymag.com,1º ESO A
creavey70@merriam-webster.com,1º ESO E
cprestie71@pbs.org,2º ESO E
rendean72@rediff.com,1º ESO E
bjilliss73@washingtonpost.com,1º ESO C
mwoolvett74@bloglines.com,2º ESO C
grisebrow76@bloomberg.com,4º ESO C
ghurdwell78@goo.ne.jp,1º ESO E
iperford79@stanford.edu,2º ESO E
vkulvear7a@examiner.com,3º ESO E
agillio7c@gizmodo.com,2º ESO C
lbeininck7d@xinhuanet.com,3º ESO C
gbedson7e@usgs.gov,4º ESO C
zdeniset7f@barnesandnoble.com,1º ESO E
lpirnie7g@google.com.br,2º ESO E
syule7h@smh.com.au,3º ESO E
mleggate7j@ezinearticles.com,2º ESO E
cgarbutt7k@apple.com,3º ESO E
kroches7l@vk.com,1º ESO D
ncropp7m@yale.edu,1º ESO D
droller7n@youku.com,1º ESO D
athreadgall7o@sogou.com,1º ESO D
bstare7p@bigcartel.com,2º ESO D
sredholes7q@ucsd.edu,3º ESO D
rlickess7r@squidoo.com,4º ESO D
mgreenwell7s@discovery.com,1º ESO C
fmcelory7t@google.es,2º ESO C
gsheehan7u@bloglovin.com,3º ESO C
ahallan7v@mac.com,4º ESO C
ckarczinski7w@live.com,1º ESO C
edomelow7x@51.la,2º ESO C
lboatwright7y@ow.ly,1º ESO E
iclarage7z@buzzfeed.com,1º ESO C
cwheelwright80@lulu.com,1º ESO E
plambdean81@nydailynews.com,1º ESO E
kglenton82@huffingtonpost.com,2º ESO E
nabramin83@shop-pro.jp,1º ESO D
gfeld84@reddit.com,1º ESO D
njendrassik85@hatena.ne.jp,2º ESO D
rnano86@google.co.jp,3º ESO D
rmullins87@sfgate.com,4º ESO D
tciementini88@de.vu,1º ESO C
cludgate89@nba.com,2º ESO C
awagstaff8a@yale.edu,3º ESO C
credmore8b@hp.com,4º ESO C
dbirtley8c@blogger.com,1º ESO C
beastup8d@sohu.com,2º ESO C
cjackson8f@taobao.com,4º ESO C
kbaldick8g@google.cn,1º ESO C
ddubarry8h@google.de,2º ESO C
kmatisse8j@gravatar.com,4º ESO C
wschwieso8k@fema.gov,1º ESO D
mbeeson8l@washingtonpost.com,2º ESO D
aterbruggen8m@wikia.com,3º ESO D
mbetser8n@123-reg.co.uk,4º ESO D
rmantha8o@ovh.net,1º ESO D
ylusgdin8p@cnet.com,2º ESO D
ktarte8q@ucoz.com,3º ESO D
jruffy8r@sakura.ne.jp,4º ESO D
apretty8s@answers.com,1º ESO D
gdaulby8t@reverbnation.com,2º ESO D
ajentgens8u@techcrunch.com,3º ESO D
bmaddigan8v@newsvine.com,4º ESO D
cbeynkn8w@ebay.co.uk,1º ESO D
geisak8x@rediff.com,2º ESO D
walderton8y@newyorker.com,3º ESO D
pspinnace8z@redcross.org,4º ESO D
gdurden90@reuters.com,3º ESO C
stanguy91@yelp.com,4º ESO C
iruben92@ibm.com,1º ESO C
pburnage93@webmd.com,2º ESO C
fhousiaux94@wikispaces.com,3º ESO C
iguthrie95@chron.com,4º ESO C
rdeveraux96@businessinsider.com,1º ESO D
tsuttie97@reddit.com,2º ESO D
tisabell98@quantcast.com,3º ESO D
ccrat99@weibo.com,4º ESO D
ohubane9a@java.com,1º ESO D
jelstub9b@scientificamerican.com,2º ESO D
jgoom9c@rambler.ru,3º ESO D
gbeveredge9d@dailymail.co.uk,4º ESO D
lroads9e@state.tx.us,1º ESO D
wbartomeu9f@twitter.com,2º ESO D
ojills9g@telegraph.co.uk,3º ESO D
galbrighton9h@craigslist.org,4º ESO D
vburston9i@dailymail.co.uk,1º ESO D
gpeery9j@businessweek.com,2º ESO D
rhayland9k@booking.com,3º ESO D
ckennedy9m@wunderground.com,3º ESO C
ktrahar9n@columbia.edu,4º ESO C
kjoska9o@omniture.com,1º ESO C
mhogbourne9p@discuz.net,2º ESO C
gryal9q@rakuten.co.jp,3º ESO C
iskentelbury9r@imdb.com,4º ESO C
ahargate9s@ocn.ne.jp,1º ESO D
smcdonand9t@icio.us,2º ESO D
apoupard9u@google.com.br,3º ESO D
vstollery9v@chicagotribune.com,4º ESO D
larnaud9w@wired.com,1º ESO D
sfehners9x@twitter.com,2º ESO D
rmatveichev9y@reuters.com,3º ESO D
popfer9z@skyrock.com,4º ESO D
swimmera0@printfriendly.com,1º ESO D
ualbissera1@ftc.gov,2º ESO D
mtumayana2@bandcamp.com,3º ESO D
pgrevillea3@cyberchimps.com,4º ESO D
aborera4@columbia.edu,1º ESO D
mboosta5@sciencedirect.com,2º ESO D
mcoultarda6@wsj.com,3º ESO D
tblewitta7@theatlantic.com,4º ESO D
vshurrocka8@ucla.edu,1º ESO D
hmcnaughta9@google.com.br,1º ESO D
rhubbertaa@independent.co.uk,1º ESO D
cswainsonac@ucoz.com,1º ESO D
tollerheadad@homestead.com,2º ESO D
swermerlingae@pagesperso-orange.fr,2º ESO D
ealwayaf@scribd.com,3º ESO D
cbrydieag@w3.org,4º ESO D
bpozziah@jugem.jp,1º ESO D
pkeeseai@japanpost.jp,1º ESO D
chansmannaj@simplemachines.org,1º ESO D
gcrinkleyak@yellowpages.com,2º ESO D
emacartneyal@disqus.com,1º ESO D
lwatsonbrownam@zdnet.com,2º ESO D
gtichneran@google.com,2º ESO B
sbattisonao@hugedomains.com,3º ESO B
ncottaap@de.vu,4º ESO B
bveitchaq@feedburner.com,1º ESO B
ifordycear@artisteer.com,2º ESO A
mokeavenyas@example.com,3º ESO A
hmorillasat@4shared.com,4º ESO A
jhogginsau@google.ru,1º ESO A
gliebav@comcast.net,1º ESO B
mlardgeaw@surveymonkey.com,2º ESO B
khagstoneax@toplist.cz,3º ESO B
rnewbyay@csmonitor.com,4º ESO B
eclapsonaz@narod.ru,1º ESO B
sfogtb0@163.com,2º ESO B
hwatersonb1@geocities.jp,3º ESO B
bmacparlanb2@sitemeter.com,4º ESO B
rborneb3@chron.com,1º ESO B
badolthineb4@un.org,2º ESO B
dcollimoreb5@uol.com.br,3º ESO B
eprugelb6@networksolutions.com,4º ESO B
cvowelsb7@baidu.com,1º ESO B
rsevittb8@omniture.com,2º ESO B
msimunekb9@npr.org,3º ESO B
ggarroldba@ucoz.com,4º ESO B
mlafuentebb@wikipedia.org,1º ESO B
malderwickbc@sina.com.cn,2º ESO B
srayntonbe@canalblog.com,4º ESO B
aryottbf@dion.ne.jp,1º ESO B
crivenzonbg@printfriendly.com,2º ESO A
jcathesyedbh@myspace.com,3º ESO A
hakriggbi@cargocollective.com,4º ESO A
cserridgebj@themeforest.net,1º ESO A
mmcfadebk@people.com.cn,1º ESO B
tstudartbl@xinhuanet.com,2º ESO B
bdrachebm@umich.edu,3º ESO B
lkenninghambn@jimdo.com,4º ESO B
lcartmellbo@simplemachines.org,1º ESO B
cphoebebp@ca.gov,2º ESO B
edmitrievbq@vimeo.com,3º ESO B
jmcdillbr@wikia.com,4º ESO B
omaccrackenbs@comsenz.com,1º ESO B
callerybt@kickstarter.com,2º ESO B
lbrymhambu@meetup.com,3º ESO B
phambricbv@wiley.com,4º ESO B
bbeaumanbw@biblegateway.com,1º ESO B
sgarrattybx@imageshack.us,2º ESO B
phaslinby@omniture.com,3º ESO B
vlisimorebz@purevolume.com,4º ESO B
fharnettc0@fda.gov,1º ESO B
wfarmerc1@bloomberg.com,2º ESO B
dlevecquec2@soup.io,3º ESO B
hkinmondc3@mozilla.com,4º ESO B
ssommerlyc4@accuweather.com,1º ESO B
bpeddiec5@smh.com.au,2º ESO A
pfargec6@ebay.co.uk,3º ESO A
sfirebracec9@yolasite.com,1º ESO B
lolekca@japanpost.jp,2º ESO B
lroddacb@1und1.de,3º ESO B
nstovingcc@epa.gov,4º ESO B
tfechniece@webnode.com,2º ESO B
atottlecf@va.gov,3º ESO B
mvillaretcg@free.fr,4º ESO B
wharrismithch@buzzfeed.com,1º ESO B
nchatteyci@aboutads.info,2º ESO B
bmccafferycj@infoseek.co.jp,3º ESO B
gfulstowcl@deviantart.com,1º ESO B
gcamouscm@mac.com,2º ESO B
ddunkleecn@phoca.cz,3º ESO B
cjahnischco@adobe.com,4º ESO B
qstucksburycp@github.io,1º ESO B
lderyebarrettcq@arizona.edu,2º ESO B
fvalentacs@angelfire.com,4º ESO B
jjohnkect@tumblr.com,1º ESO B
smacfaddencu@businessweek.com,2º ESO A
pfilppetticv@craigslist.org,3º ESO A
nskevingtoncw@360.cn,4º ESO A
piuoriocx@yelp.com,1º ESO A
lbaudtscy@trellian.com,1º ESO B
alabacz@diigo.com,2º ESO B
gdyerd0@newsvine.com,3º ESO B
jcuthbertsond1@baidu.com,4º ESO B
vicomd2@huffingtonpost.com,1º ESO B
oheinsend3@flickr.com,2º ESO B
jkubicad4@admin.ch,3º ESO B
tmckintoshd5@timesonline.co.uk,4º ESO B
smerond6@nbcnews.com,1º ESO B
ngoulderd7@amazon.co.jp,2º ESO B
bwoodruffed8@omniture.com,3º ESO B
kadenotd9@list-manage.com,4º ESO B
wcoupeda@sfgate.com,1º ESO B
nharversondb@timesonline.co.uk,2º ESO B
ssymedc@shop-pro.jp,3º ESO B
ispontondd@alibaba.com,4º ESO B
tcorede@friendfeed.com,1º ESO B
apetaschdf@google.ca,2º ESO B
rmapledoramdg@dropbox.com,3º ESO B
fmahadydh@com.com,4º ESO B
tcrucedi@domainmarket.com,1º ESO B
trobackdj@php.net,2º ESO A
balenshevdk@bloomberg.com,3º ESO A
kclackersdl@artisteer.com,4º ESO A
felesdm@vkontakte.ru,1º ESO A
dslyvesterdn@soup.io,1º ESO B
dbostondo@canalblog.com,2º ESO B
mfeydq@privacy.gov.au,4º ESO B
aexalldr@buzzfeed.com,1º ESO B
theselwoodds@virginia.edu,2º ESO B
sthemanndt@indiegogo.com,3º ESO B
msleemandu@japanpost.jp,4º ESO B
etomekdv@npr.org,1º ESO B
