first_name,last_name,email,gender
Betta,Soppitt,bsoppitt0@about.me,Female
Waylin,Ferrero,wferrero1@dagondesign.com,Male
Josie,Chipping,jchipping2@myspace.com,Female
Shelli,Thicking,sthicking3@tamu.edu,Female
Aldon,Hynson,ahynson4@cisco.com,Male
Pavla,Cornelleau,pcornelleau5@geocities.jp,Female
Ariel,Pattingson,apattingson6@opera.com,Male
Jedd,Megainey,jmegainey7@google.it,Male
Madelle,Baumaier,mbaumaier8@sciencedaily.com,Female
Erik,Di Carlo,edicarlo9@phoca.cz,Male
Ebony,Laurenz,elaurenza@mapquest.com,Female
Hillier,Giacobelli,hgiacobellib@nba.com,Male
Sheilah,Davidovici,sdavidovicic@home.pl,Female
Christian,Martinson,cmartinsond@delicious.com,Female
Georgetta,Corona,gcoronae@shareasale.com,Female
Janis,Assinder,jassinderf@wikipedia.org,Female
Chaim,Logesdale,clogesdaleg@ihg.com,Male
Alon,Haxley,ahaxleyh@constantcontact.com,Male
Grenville,Meron,gmeroni@sfgate.com,Male
Giordano,Helm,ghelmj@posterous.com,Male
Blancha,Girth,bgirthk@intel.com,Female
Angelika,Ousbie,aousbiel@whitehouse.gov,Female
Dione,Fosdike,dfosdikem@utexas.edu,Female
Phillida,Scotfurth,pscotfurthn@cargocollective.com,Female
Colby,Aris,cariso@reference.com,Male
Gus,Boscher,gboscherp@de.vu,Male
Pammy,Wonfar,pwonfarq@wordpress.org,Female
Daile,Readett,dreadettr@telegraph.co.uk,Female
Charyl,Picott,cpicotts@smh.com.au,Female
Lucais,Borrill,lborrillt@barnesandnoble.com,Male
Brittani,Boss,bbossu@prlog.org,Female
Evyn,Renad,erenadv@51.la,Male
Carleen,Glasscott,cglasscottw@so-net.ne.jp,Female
Iver,Teas,iteasx@earthlink.net,Male
Benjie,Lage,blagey@illinois.edu,Male
Shel,Gabala,sgabalaz@census.gov,Female
Cameron,Eustace,ceustace10@shareasale.com,Male
Tommie,Wainer,twainer11@blog.com,Female
Chadwick,Smee,csmee12@cafepress.com,Male
Brunhilda,Dowman,bdowman13@princeton.edu,Female
Hewett,Mapplebeck,hmapplebeck14@vk.com,Male
Hobie,Coit,hcoit15@independent.co.uk,Male
Con,Hallatt,challatt16@nydailynews.com,Female
Sigfried,Ayto,sayto17@dagondesign.com,Male
Banky,Regorz,bregorz18@accuweather.com,Male
Forrester,Toffetto,ftoffetto19@umn.edu,Male
Karim,Smaleman,ksmaleman1a@infoseek.co.jp,Male
Hyacinthie,Munden,hmunden1b@themeforest.net,Female
Harold,Carles,hcarles1c@dagondesign.com,Male
Ninnetta,Klouz,nklouz1d@statcounter.com,Female
Alfy,Dunnico,adunnico1e@bloglines.com,Female
Kordula,Forman,kforman1f@bravesites.com,Female
Alanson,Kensley,akensley1g@washingtonpost.com,Male
Maurizio,Blackston,mblackston1h@mashable.com,Male
Nial,Whall,nwhall1i@flavors.me,Male
Guntar,Teeney,gteeney1j@redcross.org,Male
Lurline,Fessler,lfessler1k@edublogs.org,Female
Giuditta,Burberye,gburberye1l@paypal.com,Female
Dita,McGrail,dmcgrail1m@webeden.co.uk,Female
Read,Aronoff,raronoff1n@vkontakte.ru,Male
Steffen,Viccary,sviccary1o@rakuten.co.jp,Male
Dorie,Dowears,ddowears1p@ebay.com,Female
Suzette,Clouter,sclouter1q@cocolog-nifty.com,Female
Cinnamon,Serrurier,cserrurier1r@indiegogo.com,Female
Fairlie,Ivashkin,fivashkin1s@blogs.com,Male
Carlynne,Floyed,cfloyed1t@mlb.com,Female
Kenneth,Blackburne,kblackburne1u@va.gov,Male
Camel,Knottley,cknottley1v@about.com,Female
Guglielmo,Scamel,gscamel1w@amazon.co.jp,Male
Dolli,Angier,dangier1x@indiatimes.com,Female
Lane,Wanklyn,lwanklyn1y@google.ru,Male
Emmott,Metcalf,emetcalf1z@parallels.com,Male
Wang,Hubert,whubert20@washingtonpost.com,Male
Julienne,Hoofe,jhoofe21@eepurl.com,Female
Ruperta,Choke,rchoke22@bbc.co.uk,Female
Fancy,Dreye,fdreye23@nature.com,Female
Gayla,Davidman,gdavidman24@barnesandnoble.com,Female
Jania,Andrioni,jandrioni25@gnu.org,Female
Geno,Strooband,gstrooband26@reference.com,Male
Britni,Goare,bgoare27@opensource.org,Female
Tailor,Cropp,tcropp28@timesonline.co.uk,Male
Inna,Verling,iverling29@seattletimes.com,Female
Randell,Heinzel,rheinzel2a@livejournal.com,Male
Misty,Strutz,mstrutz2b@intel.com,Female
Bettine,Cluer,bcluer2c@washingtonpost.com,Female
Katheryn,Wayon,kwayon2d@acquirethisname.com,Female
Shauna,Allain,sallain2e@pagesperso-orange.fr,Female
Ginger,Prayer,gprayer2f@hugedomains.com,Male
Fredelia,Pavic,fpavic2g@gravatar.com,Female
Juan,Oxbury,joxbury2h@phpbb.com,Male
Stephie,Malins,smalins2i@si.edu,Female
Lucian,Binyon,lbinyon2j@exblog.jp,Male
Carmine,Stoves,cstoves2k@unblog.fr,Male
Arlie,Dungay,adungay2l@simplemachines.org,Female
Dominica,Cholonin,dcholonin2m@squidoo.com,Female
Louie,Sherr,lsherr2n@1688.com,Male
Jacklyn,Giacomello,jgiacomello2o@devhub.com,Female
Chloette,Birk,cbirk2p@i2i.jp,Female
Gasper,Gander,ggander2q@cbslocal.com,Male
Tate,Lube,tlube2r@home.pl,Male
Lewes,Beyne,lbeyne2t@uol.com.br,Male
Dwain,Dawtre,ddawtre2u@rambler.ru,Male
Janean,Parsand,jparsand2v@tumblr.com,Female
Aluino,Booton,abooton2w@google.nl,Male
Rudy,Sussans,rsussans2x@theatlantic.com,Male
Pacorro,Stower,pstower2y@ed.gov,Male
Gerik,Walewski,gwalewski2z@epa.gov,Male
Theodoric,Vaz,tvaz30@google.com,Male
Julianna,Shoreman,jshoreman31@vistaprint.com,Female
Helsa,Brazelton,hbrazelton32@live.com,Female
Deidre,Rielly,drielly33@google.com.hk,Female
Kori,Kirmond,kkirmond34@parallels.com,Female
Mordecai,Peepall,mpeepall35@surveymonkey.com,Male
Coralie,Suttell,csuttell36@wikia.com,Female
Edgard,Duns,eduns37@wordpress.com,Male
Manda,Chanders,mchanders38@vimeo.com,Female
Hortense,Pocke,hpocke39@ca.gov,Female
Fraser,Salvadori,fsalvadori3a@soup.io,Male
Darcie,Muffitt,dmuffitt3b@alexa.com,Female
Margarita,Symes,msymes3c@berkeley.edu,Female
Jeth,Goodings,jgoodings3d@scientificamerican.com,Male
Karrah,Matessian,kmatessian3e@goo.gl,Female
Barbabas,Stonbridge,bstonbridge3f@webeden.co.uk,Male
Lorain,McIlrath,lmcilrath3g@samsung.com,Female
Lindsay,Decourt,ldecourt3h@goodreads.com,Female
Raimondo,Kliment,rkliment3i@wikimedia.org,Male
Anderson,Eades,aeades3j@blogs.com,Male
Jessie,Kemm,jkemm3k@google.com.au,Male
Pernell,Blackshaw,pblackshaw3l@psu.edu,Male
Gretta,Parffrey,gparffrey3m@livejournal.com,Female
Yehudit,Cicconettii,ycicconettii3n@cmu.edu,Male
Uriel,Clough,uclough3o@paypal.com,Male
Tildy,Simonin,tsimonin3p@github.io,Female
Kesley,Whistance,kwhistance3q@patch.com,Female
Worth,Fairlam,wfairlam3r@g.co,Male
Thorstein,Solloway,tsolloway3s@senate.gov,Male
Jillane,Royson,jroyson3t@ca.gov,Female
Joella,Jedrasik,jjedrasik3u@seesaa.net,Female
Elbertina,McKimmey,emckimmey3v@engadget.com,Female
Glynda,Gentile,ggentile3w@shareasale.com,Female
Stacee,Smallridge,ssmallridge3x@opera.com,Male
Mitzi,McEwan,mmcewan3y@bloglovin.com,Female
Don,Duke,dduke3z@amazon.com,Male
Wiley,Peizer,wpeizer40@nhs.uk,Male
Doti,Heathcott,dheathcott41@ebay.com,Female
Rochell,Sellars,rsellars42@hc360.com,Female
Gussie,Davidovici,gdavidovici43@phoca.cz,Female
Marylinda,Barus,mbarus44@stumbleupon.com,Female
Ranee,O'Rafferty,rorafferty45@netscape.com,Female
Jenny,Trusler,jtrusler46@uiuc.edu,Female
Guillermo,O'Scollee,goscollee47@jiathis.com,Male
Peirce,McParland,pmcparland48@yolasite.com,Male
Alexandrina,McGill,amcgill49@answers.com,Female
Avram,Pinwell,apinwell4a@kickstarter.com,Male
Rosetta,Roskrug,rroskrug4b@bbc.co.uk,Female
Ty,Duffitt,tduffitt4c@addtoany.com,Male
Ferdy,Tewelson,ftewelson4d@usa.gov,Male
Cassy,Hartell,chartell4e@ovh.net,Female
Darline,Lademann,dlademann4f@zdnet.com,Female
Roz,Tillot,rtillot4g@state.gov,Female
Bren,Scottini,bscottini4h@hhs.gov,Male
Margy,Frossell,mfrossell4i@stumbleupon.com,Female
Udall,Trehearne,utrehearne4j@nps.gov,Male
Waring,Goodhand,wgoodhand4k@51.la,Male
Sigfrid,Gould,sgould4l@live.com,Male
Kim,Hirsthouse,khirsthouse4m@nymag.com,Male
Anthia,Robbey,arobbey4n@xrea.com,Female
Silvio,Sanney,ssanney4o@i2i.jp,Male
Elvera,Niles,eniles4p@jugem.jp,Female
Milissent,McSorley,mmcsorley4q@posterous.com,Female
Gareth,Montgomery,gmontgomery4r@mlb.com,Male
Port,Boykett,pboykett4s@constantcontact.com,Male
Hiram,Scade,hscade4t@last.fm,Male
Alair,Atcock,aatcock4u@wufoo.com,Male
Bayard,Filliskirk,bfilliskirk4v@psu.edu,Male
Gerardo,Quilligan,gquilligan4w@over-blog.com,Male
Lou,Mintrim,lmintrim4x@gnu.org,Male
Tiebold,Mercik,tmercik4y@geocities.jp,Male
Walsh,Baitman,wbaitman4z@blog.com,Male
Moreen,Mauvin,mmauvin50@illinois.edu,Female
Kariotta,Crosen,kcrosen51@google.de,Female
Vanny,Peinke,vpeinke52@answers.com,Female
Gav,Grigg,ggrigg53@360.cn,Male
Ebeneser,Guilfoyle,eguilfoyle54@parallels.com,Male
Cynthie,Schrader,cschrader55@harvard.edu,Female
Annette,Stopforth,astopforth56@oakley.com,Female
Nikita,Blethyn,nblethyn57@theguardian.com,Male
Zuzana,Thalmann,zthalmann58@kickstarter.com,Female
Janeva,Hammant,jhammant59@sohu.com,Female
Nanete,Lawley,nlawley5a@sfgate.com,Female
Marcelle,Tonkinson,mtonkinson5b@canalblog.com,Female
Althea,Clery,aclery5c@amazon.com,Female
Laurens,Scantleberry,lscantleberry5d@hugedomains.com,Male
Niccolo,Drayson,ndrayson5e@rediff.com,Male
Pieter,Chiverton,pchiverton5f@google.it,Male
Mellisent,Galbreath,mgalbreath5g@amazon.co.uk,Female
Ingram,Bachellier,ibachellier5h@slideshare.net,Male
Ursula,Linnit,ulinnit5i@dell.com,Female
Rex,Timby,rtimby5j@discuz.net,Male
Calypso,Stansell,cstansell5k@drupal.org,Female
Veronique,Sighart,vsighart5l@altervista.org,Female
Wolfy,Andryushchenko,wandryushchenko5m@mysql.com,Male
Ker,Mowsley,kmowsley5n@home.pl,Male
Ronna,Ewins,rewins5o@skype.com,Female
Marna,Rosenshine,mrosenshine5p@163.com,Female
Marlin,Domino,mdomino5q@army.mil,Male
Luci,Tregea,ltregea5r@mlb.com,Female
Olimpia,Kiefer,okiefer5s@google.fr,Female
Yettie,Mingardi,ymingardi5t@woothemes.com,Female
Raina,Danby,rdanby5u@answers.com,Female
Hermia,Ennor,hennor5v@yale.edu,Female
Arleta,Driffill,adriffill5w@adobe.com,Female
Willey,Gatherell,wgatherell5x@ibm.com,Male
Abigael,Peterkin,apeterkin5y@youtube.com,Female
Loella,Thorwarth,lthorwarth5z@cdbaby.com,Female
Linda,Mitchelmore,lmitchelmore60@businessinsider.com,Female
Tabby,Gass,tgass61@yandex.ru,Male
Grata,Morgans,gmorgans62@blogtalkradio.com,Female
Mordy,Gunbie,mgunbie63@google.co.uk,Male
Perice,Garnar,pgarnar64@simplemachines.org,Male
Jewell,Steger,jsteger65@noaa.gov,Female
Tiphanie,Carnalan,tcarnalan66@linkedin.com,Female
Leroy,Placstone,lplacstone67@163.com,Male
Man,Bell,mbell68@vkontakte.ru,Male
Maud,Hoffman,mhoffman69@chronoengine.com,Female
Stanfield,Roddan,sroddan6a@symantec.com,Male
Kizzee,Ready,kready6b@mapy.cz,Female
Shay,Henriquet,shenriquet6c@issuu.com,Female
Ingar,Levesque,ilevesque6d@ow.ly,Male
Denver,Casely,dcasely6e@google.de,Male
Charisse,Rama,crama6f@bloglines.com,Female
Yard,Ambrosini,yambrosini6g@blinklist.com,Male
Tatum,Garbutt,tgarbutt6h@wisc.edu,Female
Dorena,Larkcum,dlarkcum6i@hexun.com,Female
Staci,Castelletti,scastelletti6j@newsvine.com,Female
Patrizia,Sutterfield,psutterfield6k@wordpress.org,Female
Harley,Duggleby,hduggleby6l@dagondesign.com,Male
Wendy,Van Halle,wvanhalle6m@dell.com,Female
Giulio,Pepper,gpepper6o@yandex.ru,Male
Dwight,Studman,dstudman6p@sourceforge.net,Male
Thom,Bastone,tbastone6q@chron.com,Male
Micki,Alden,malden6r@bloglovin.com,Female
Avrom,Schwerin,aschwerin6s@ucla.edu,Male
Clevie,Micheau,cmicheau6t@cnbc.com,Male
Dmitri,Cadwallader,dcadwallader6u@ucoz.com,Male
Bryanty,Ellin,bellin6v@salon.com,Male
Abba,Cranage,acranage6w@aol.com,Male
Dell,Testro,dtestro6x@webs.com,Female
Darcey,Fowley,dfowley6y@globo.com,Female
Darrel,McCluskey,dmccluskey6z@nymag.com,Male
Celina,Reavey,creavey70@merriam-webster.com,Female
Clywd,Prestie,cprestie71@pbs.org,Male
Ray,Endean,rendean72@rediff.com,Female
Brian,Jilliss,bjilliss73@washingtonpost.com,Male
Matt,Woolvett,mwoolvett74@bloglines.com,Male
Gregor,Risebrow,grisebrow76@bloomberg.com,Male
Grantham,Hurdwell,ghurdwell78@goo.ne.jp,Male
Imojean,Perford,iperford79@stanford.edu,Female
Vince,Kulvear,vkulvear7a@examiner.com,Male
Andy,Gillio,agillio7c@gizmodo.com,Male
Lorianne,Beininck,lbeininck7d@xinhuanet.com,Female
Guthrie,Bedson,gbedson7e@usgs.gov,Male
Zacherie,Deniset,zdeniset7f@barnesandnoble.com,Male
Lani,Pirnie,lpirnie7g@google.com.br,Female
Shelby,Yule,syule7h@smh.com.au,Female
Merwyn,Leggate,mleggate7j@ezinearticles.com,Male
Chandra,Garbutt,cgarbutt7k@apple.com,Female
Karleen,Roches,kroches7l@vk.com,Female
Nelly,Cropp,ncropp7m@yale.edu,Female
Dari,Roller,droller7n@youku.com,Female
Adelice,Threadgall,athreadgall7o@sogou.com,Female
Burl,Stare,bstare7p@bigcartel.com,Male
Shalne,Redholes,sredholes7q@ucsd.edu,Female
Riley,Lickess,rlickess7r@squidoo.com,Male
Marysa,Greenwell,mgreenwell7s@discovery.com,Female
Fanny,Mc Elory,fmcelory7t@google.es,Female
Gavin,Sheehan,gsheehan7u@bloglovin.com,Male
Angel,Hallan,ahallan7v@mac.com,Female
Cy,Karczinski,ckarczinski7w@live.com,Male
Eirena,Domelow,edomelow7x@51.la,Female
Liv,Boatwright,lboatwright7y@ow.ly,Female
Ignacius,Clarage,iclarage7z@buzzfeed.com,Male
Cristabel,Wheelwright,cwheelwright80@lulu.com,Female
Paul,Lambdean,plambdean81@nydailynews.com,Male
Kirk,Glenton,kglenton82@huffingtonpost.com,Male
Nikolia,Abramin,nabramin83@shop-pro.jp,Female
Giffie,Feld,gfeld84@reddit.com,Male
Nickolai,Jendrassik,njendrassik85@hatena.ne.jp,Male
Red,Nano,rnano86@google.co.jp,Male
Roanna,Mullins,rmullins87@sfgate.com,Female
Tory,Ciementini,tciementini88@de.vu,Female
Cristal,Ludgate,cludgate89@nba.com,Female
Aurthur,Wagstaff,awagstaff8a@yale.edu,Male
Clay,Redmore,credmore8b@hp.com,Male
Desiri,Birtley,dbirtley8c@blogger.com,Female
Bernita,Eastup,beastup8d@sohu.com,Female
Charlena,Jackson,cjackson8f@taobao.com,Female
Kane,Baldick,kbaldick8g@google.cn,Male
Derby,Dubarry,ddubarry8h@google.de,Male
Kristen,Matisse,kmatisse8j@gravatar.com,Female
Wilburt,Schwieso,wschwieso8k@fema.gov,Male
Maurita,Beeson,mbeeson8l@washingtonpost.com,Female
Ariadne,Terbruggen,aterbruggen8m@wikia.com,Female
Michele,Betser,mbetser8n@123-reg.co.uk,Female
Rog,Mantha,rmantha8o@ovh.net,Male
Yorgos,Lusgdin,ylusgdin8p@cnet.com,Male
Kaleena,Tarte,ktarte8q@ucoz.com,Female
Jaquelin,Ruffy,jruffy8r@sakura.ne.jp,Female
Augusta,Pretty,apretty8s@answers.com,Female
Gallagher,D'Aulby,gdaulby8t@reverbnation.com,Male
Ardenia,Jentgens,ajentgens8u@techcrunch.com,Female
Binni,Maddigan,bmaddigan8v@newsvine.com,Female
Carrie,Beynkn,cbeynkn8w@ebay.co.uk,Female
Ginelle,Eisak,geisak8x@rediff.com,Female
Wallie,Alderton,walderton8y@newyorker.com,Male
Pavel,Spinnace,pspinnace8z@redcross.org,Male
Geoff,Durden,gdurden90@reuters.com,Male
Shandie,Tanguy,stanguy91@yelp.com,Female
Izaak,Ruben,iruben92@ibm.com,Male
Petronilla,Burnage,pburnage93@webmd.com,Female
Frederica,Housiaux,fhousiaux94@wikispaces.com,Female
Itch,Guthrie,iguthrie95@chron.com,Male
Rachael,Deveraux,rdeveraux96@businessinsider.com,Female
Torey,Suttie,tsuttie97@reddit.com,Female
Thayne,Isabell,tisabell98@quantcast.com,Male
Clemmie,Crat,ccrat99@weibo.com,Male
Orlando,Hubane,ohubane9a@java.com,Male
Josiah,Elstub,jelstub9b@scientificamerican.com,Male
James,Goom,jgoom9c@rambler.ru,Male
Grete,Beveredge,gbeveredge9d@dailymail.co.uk,Female
Lindy,Roads,lroads9e@state.tx.us,Female
Wylie,Bartomeu,wbartomeu9f@twitter.com,Male
Orlan,Jills,ojills9g@telegraph.co.uk,Male
Gail,Albrighton,galbrighton9h@craigslist.org,Female
Valaria,Burston,vburston9i@dailymail.co.uk,Female
Grady,Peery,gpeery9j@businessweek.com,Male
Ruth,Hayland,rhayland9k@booking.com,Female
Cornela,Kennedy,ckennedy9m@wunderground.com,Female
Katey,Trahar,ktrahar9n@columbia.edu,Female
Karita,Joska,kjoska9o@omniture.com,Female
Madalena,Hogbourne,mhogbourne9p@discuz.net,Female
Glad,Ryal,gryal9q@rakuten.co.jp,Female
Ilysa,Skentelbury,iskentelbury9r@imdb.com,Female
Aaron,Hargate,ahargate9s@ocn.ne.jp,Male
Sidoney,McDonand,smcdonand9t@icio.us,Female
Anatollo,Poupard,apoupard9u@google.com.br,Male
Valida,Stollery,vstollery9v@chicagotribune.com,Female
Lorinda,Arnaud,larnaud9w@wired.com,Female
Sayre,Fehners,sfehners9x@twitter.com,Female
Roxanna,Matveichev,rmatveichev9y@reuters.com,Female
Petrina,Opfer,popfer9z@skyrock.com,Female
Sofia,Wimmer,swimmera0@printfriendly.com,Female
Umberto,Albisser,ualbissera1@ftc.gov,Male
Milicent,Tumayan,mtumayana2@bandcamp.com,Female
Pail,Greville,pgrevillea3@cyberchimps.com,Male
Austin,Borer,aborera4@columbia.edu,Male
Michaeline,Boost,mboosta5@sciencedirect.com,Female
Mano,Coultard,mcoultarda6@wsj.com,Male
Tanney,Blewitt,tblewitta7@theatlantic.com,Male
Vivia,Shurrock,vshurrocka8@ucla.edu,Female
Harrison,McNaught,hmcnaughta9@google.com.br,Male
Romeo,Hubbert,rhubbertaa@independent.co.uk,Male
Clarice,Swainson,cswainsonac@ucoz.com,Female
Thomasin,Ollerhead,tollerheadad@homestead.com,Female
Shea,Wermerling,swermerlingae@pagesperso-orange.fr,Male
Eugene,Alway,ealwayaf@scribd.com,Male
Crissie,Brydie,cbrydieag@w3.org,Female
Bertie,Pozzi,bpozziah@jugem.jp,Female
Pet,Keese,pkeeseai@japanpost.jp,Female
Chevalier,Hansmann,chansmannaj@simplemachines.org,Male
Giraud,Crinkley,gcrinkleyak@yellowpages.com,Male
Eliza,Macartney,emacartneyal@disqus.com,Female
Lexis,Watson-Brown,lwatsonbrownam@zdnet.com,Female
Georgeanna,Tichner,gtichneran@google.com,Female
Sharity,Battison,sbattisonao@hugedomains.com,Female
Nelle,Cotta,ncottaap@de.vu,Female
Bartram,Veitch,bveitchaq@feedburner.com,Male
Issy,Fordyce,ifordycear@artisteer.com,Female
Meghann,O'Keaveny,mokeavenyas@example.com,Female
Hayes,Morillas,hmorillasat@4shared.com,Male
Jefferson,Hoggins,jhogginsau@google.ru,Male
Glenden,Lieb,gliebav@comcast.net,Male
Marybelle,Lardge,mlardgeaw@surveymonkey.com,Female
Karly,Hagstone,khagstoneax@toplist.cz,Female
Ronnie,Newby,rnewbyay@csmonitor.com,Male
Enrico,Clapson,eclapsonaz@narod.ru,Male
Shannen,Fogt,sfogtb0@163.com,Female
Horatio,Waterson,hwatersonb1@geocities.jp,Male
Brietta,MacParlan,bmacparlanb2@sitemeter.com,Female
Robina,Borne,rborneb3@chron.com,Female
Baxie,Adolthine,badolthineb4@un.org,Male
Damara,Collimore,dcollimoreb5@uol.com.br,Female
Emmy,Prugel,eprugelb6@networksolutions.com,Male
Curry,Vowels,cvowelsb7@baidu.com,Male
Rancell,Sevitt,rsevittb8@omniture.com,Male
Merrick,Simunek,msimunekb9@npr.org,Male
Gilbertina,Garrold,ggarroldba@ucoz.com,Female
Melody,Lafuente,mlafuentebb@wikipedia.org,Female
Monique,Alderwick,malderwickbc@sina.com.cn,Female
Siegfried,Raynton,srayntonbe@canalblog.com,Male
Avivah,Ryott,aryottbf@dion.ne.jp,Female
Carlota,Rivenzon,crivenzonbg@printfriendly.com,Female
Julia,Cathesyed,jcathesyedbh@myspace.com,Female
Hobey,Akrigg,hakriggbi@cargocollective.com,Male
Celeste,Serridge,cserridgebj@themeforest.net,Female
Melvyn,McFade,mmcfadebk@people.com.cn,Male
Theda,Studart,tstudartbl@xinhuanet.com,Female
Brewer,Drache,bdrachebm@umich.edu,Male
Lem,Kenningham,lkenninghambn@jimdo.com,Male
Leanor,Cartmell,lcartmellbo@simplemachines.org,Female
Cosetta,Phoebe,cphoebebp@ca.gov,Female
Erda,Dmitriev,edmitrievbq@vimeo.com,Female
Jecho,McDill,jmcdillbr@wikia.com,Male
Orbadiah,MacCracken,omaccrackenbs@comsenz.com,Male
Casandra,Allery,callerybt@kickstarter.com,Female
Lotte,Brymham,lbrymhambu@meetup.com,Female
Philipa,Hambric,phambricbv@wiley.com,Female
Binny,Beauman,bbeaumanbw@biblegateway.com,Female
Suzi,Garratty,sgarrattybx@imageshack.us,Female
Prudi,Haslin,phaslinby@omniture.com,Female
Vanya,Lisimore,vlisimorebz@purevolume.com,Female
Fidelia,Harnett,fharnettc0@fda.gov,Female
Winnie,Farmer,wfarmerc1@bloomberg.com,Male
Douglass,Levecque,dlevecquec2@soup.io,Male
Hannie,Kinmond,hkinmondc3@mozilla.com,Female
Sigismund,Sommerly,ssommerlyc4@accuweather.com,Male
Bea,Peddie,bpeddiec5@smh.com.au,Female
Pen,Farge,pfargec6@ebay.co.uk,Female
Selig,Firebrace,sfirebracec9@yolasite.com,Male
Layla,Olek,lolekca@japanpost.jp,Female
Lanita,Rodda,lroddacb@1und1.de,Female
Nikola,Stoving,nstovingcc@epa.gov,Male
Tiertza,Fechnie,tfechniece@webnode.com,Female
Arluene,Tottle,atottlecf@va.gov,Female
Mohandas,Villaret,mvillaretcg@free.fr,Male
Wrennie,Harrismith,wharrismithch@buzzfeed.com,Female
Norah,Chattey,nchatteyci@aboutads.info,Female
Burnaby,McCaffery,bmccafferycj@infoseek.co.jp,Male
Guillemette,Fulstow,gfulstowcl@deviantart.com,Female
Gustave,Camous,gcamouscm@mac.com,Male
Dirk,Dunklee,ddunkleecn@phoca.cz,Male
Cordey,Jahnisch,cjahnischco@adobe.com,Female
Quintina,Stucksbury,qstucksburycp@github.io,Female
Lianne,De Rye Barrett,lderyebarrettcq@arizona.edu,Female
Francisco,Valenta,fvalentacs@angelfire.com,Male
Jody,Johnke,jjohnkect@tumblr.com,Female
Sancho,MacFadden,smacfaddencu@businessweek.com,Male
Phylis,Filppetti,pfilppetticv@craigslist.org,Female
Noam,Skevington,nskevingtoncw@360.cn,Male
Pippa,Iuorio,piuoriocx@yelp.com,Female
Leann,Baudts,lbaudtscy@trellian.com,Female
Aube,Laba,alabacz@diigo.com,Male
Greg,Dyer,gdyerd0@newsvine.com,Male
Jarib,Cuthbertson,jcuthbertsond1@baidu.com,Male
Vasily,Icom,vicomd2@huffingtonpost.com,Male
Osbourn,Heinsen,oheinsend3@flickr.com,Male
Jamey,Kubica,jkubicad4@admin.ch,Male
Theodosia,McKintosh,tmckintoshd5@timesonline.co.uk,Female
Sammy,Meron,smerond6@nbcnews.com,Female
Nara,Goulder,ngoulderd7@amazon.co.jp,Female
Broderick,Woodruffe,bwoodruffed8@omniture.com,Male
Kriste,Adenot,kadenotd9@list-manage.com,Female
Wilfrid,Coupe,wcoupeda@sfgate.com,Male
Neale,Harverson,nharversondb@timesonline.co.uk,Male
Sharon,Syme,ssymedc@shop-pro.jp,Female
Irma,Sponton,ispontondd@alibaba.com,Female
Tore,Core,tcorede@friendfeed.com,Male
Antonie,Petasch,apetaschdf@google.ca,Female
Reilly,Mapledoram,rmapledoramdg@dropbox.com,Male
Fiorenze,Mahady,fmahadydh@com.com,Female
Tobi,Cruce,tcrucedi@domainmarket.com,Female
Tremayne,Roback,trobackdj@php.net,Male
Blondy,Alenshev,balenshevdk@bloomberg.com,Female
Ki,Clackers,kclackersdl@artisteer.com,Female
Floris,Eles,felesdm@vkontakte.ru,Female
Deana,Slyvester,dslyvesterdn@soup.io,Female
Didi,Boston,dbostondo@canalblog.com,Female
Morty,Fey,mfeydq@privacy.gov.au,Male
Araldo,Exall,aexalldr@buzzfeed.com,Male
Thekla,Heselwood,theselwoodds@virginia.edu,Female
Sansone,Themann,sthemanndt@indiegogo.com,Male
Meredith,Sleeman,msleemandu@japanpost.jp,Male
Elysha,Tomek,etomekdv@npr.org,Female
