edicarlo9@phoca.cz,2005/01/10
elaurenza@mapquest.com,2005/01/11
hgiacobellib@nba.com,2011/07/05
sdavidovicic@home.pl,2005/03/07
cmartinsond@delicious.com,2008/08/27
gcoronae@shareasale.com,2006/03/09
jassinderf@wikipedia.org,2002/03/09
clogesdaleg@ihg.com,2008/09/22
ahaxleyh@constantcontact.com,2005/03/24
gmeroni@sfgate.com,2001/08/13
ghelmj@posterous.com,2002/09/23
bgirthk@intel.com,2005/06/16
aousbiel@whitehouse.gov,2005/05/25
dfosdikem@utexas.edu,2012/08/04
pscotfurthn@cargocollective.com,2012/08/27
cariso@reference.com,2009/02/17
gboscherp@de.vu,2009/09/29
pwonfarq@wordpress.org,2006/01/26
dreadettr@telegraph.co.uk,2010/01/08
cpicotts@smh.com.au,2012/04/21
lborrillt@barnesandnoble.com,2005/04/16
