dni,nombre,telefono,direccion
Y9445112E,Emmy Ryall,941479892,424 Trailsway Road
Z2447478K,Aryn Eskell,976723624,2528 Riverside Street
X5915204E,Laurel Dielhenn,719689845,543 Dottie Avenue
X7484202C,Queenie Totterdell,794978275,7 Declaration Street
Z2550399C,Eadith Tellesson,742676717,988 Vera Street
Z5142893K,Yorke Ungerecht,784404721,51 Trailsway Center
X0062983H,Raffarty Gerry,732616678,316 Oneill Hill
Z9878056K,Sheffy Garrard,611482538,1 Vernon Alley
X9354760E,Sherri Scanes,741891881,829 Crescent Oaks Drive
Z2972571K,Catha Lowe,600892014,0 Vidon Place
Z1179620E,Xenos McCamish,747730870,363 Scott Road
Z7449560E,Corrine Hanssmann,683957385,16 Garrison Way
Y0766895K,Albertine Van Dalen,924766679,552 Milwaukee Way
Y1754311V,Rheba Andrejs,664427727,2529 Golf Way
X4316692E,Candie Brusle,901569388,75 Talisman Junction
X4886560E,Harli Timcke,901963493,01489 Acker Avenue
Z1368862V,Gerhard Ecclestone,630165687,078 Logan Circle
X0008323K,Erica Lounds,685207412,4530 Ridge Oak Road
Z0450408E,Berkley Claxson,750315894,2 Namekagon Center
Z9442350E,Morgen Mico,743722291,71077 Manitowish Park
Z2290310K,Wilbert Lyes,605966830,49068 Union Road
Z4226895C,Davine Bissill,724294954,13881 Dottie Drive
Y4796893E,Temp Disbrey,995129901,7074 Cody Way
Z1735073E,Lanae Reeves,769230654,7 Gale Point
Y4258978E,Lionel Peggs,738761688,3 Sauthoff Terrace
X1397431E,Augustus Synnott,790280140,48692 Schmedeman Park
Y7040155E,Cosimo Fearnill,966587509,085 Emmet Parkway
X7516202E,Paola Mordacai,983634850,04 Arapahoe Lane
Z4012238E,Thorn Zucker,790555588,37 Boyd Crossing
Y7440700C,Brad Pike,791244246,5941 Bartelt Drive
Z9398487E,Killie Fritche,957589768,18 Arkansas Circle
Z1363576C,Freddi Mouan,991932394,987 Caliangt Pass
X5497005E,Scarlett Desbrow,993199271,89767 Dottie Avenue
Y0385208E,Cherye Thomason,705068853,74410 Miller Court
Z6494517E,Stephenie Faveryear,793707933,215 Dwight Center
X6759650E,Denys Peters,743016037,791 Shelley Drive
X9142786Z,Xylia Videneev,716475286,17 Larry Park
Z7685960E,Brooke Mullen,928330260,1344 Waywood Road
Y4579907E,Rufe Surtees,649394610,839 Haas Circle
X1906399E,Tiler Minker,777884417,13 Green Alley
Z5650660L,Enos Bradburne,622974537,62345 Eagle Crest Street
Z6403740E,Shanda Retchless,958231938,70493 Mallard Point
Y7347407E,Aldridge Stittle,946859106,55 Eliot Crossing
X6495992K,Parnell Rushbury,797406319,017 Forest Circle
X0515741K,Cordy Cud,775147282,32 Bayside Center
Z1471089E,Riannon Fullbrook,713767190,99838 Lien Point
X9653828K,Donn Ferrea,616478191,85760 Memorial Pass
Y6776773K,Carlene Kenneway,954035857,6504 Manitowish Street
Z7081239C,Robinetta Lecointe,601910448,610 Derek Hill
Z5543372E,Arlan Sillwood,633086635,6230 Melvin Way
Y4476279K,Hurleigh Albrooke,700777502,155 Center Park
Z2990902E,Freda Hackey,936919765,0556 Heffernan Lane
Z7501776K,Jard Colclough,757473755,0454 Magdeline Alley
Y8662014E,Carlen Blacklock,612955959,2 Bonner Hill
Y8970187E,Willa Laba,786499944,8974 Duke Avenue
Z4072153E,Romeo Coutts,716653562,1986 Jenifer Plaza
Y1714057E,Lari Reneke,909649814,3950 Tennessee Drive
Z1602735E,Kym Inder,756722995,694 Atwood Avenue
Y2016802E,Sianna Mordy,942321804,4 Dahle Drive
Y1153935L,Lee Hosier,985135428,28086 Buhler Center
X3457986L,Sinclair Conquer,721746928,06 Hintze Junction
Y8013835K,Axel Marusyak,936637489,8447 Judy Plaza
Z6324052E,Astrid Agott,784503313,73666 Rigney Park
Z0278782C,Bobina Graeber,713440240,573 Dennis Hill
Y4873261K,Devy Eskrick,791632268,0 Shasta Park
Z9177876L,Lorenzo Penhall,775395865,14737 Eliot Drive
Z1711739E,Desirae Cheek,752519816,6600 Meadow Vale Street
X1569693K,Starlene Allabush,909931961,2 Mcguire Court
Z1489634K,Osbourne Traise,759979118,1569 Walton Pass
Z7354843C,Tanitansy Spaule,926252232,840 Monument Avenue
Z2253652K,Mandel Clement,954332417,6552 Mallard Parkway
Z9914775V,Lavinia Tash,785609628,711 Stone Corner Place
Z0043398E,Loren Carrier,775430765,525 Alpine Park
Z7692673E,Orazio Dorow,768564258,56 Hallows Street
Z4264081Q,Leodora Haughan,965728900,76 Victoria Court
X0725054K,Cos Andrassy,757017878,8 Coolidge Hill
X6221287E,Clair Byneth,635578861,911 Stephen Center
Y7235201K,Hermine Zoppo,604650092,4131 Springview Crossing
Z8890479K,Milty Kull,920293977,5908 8th Parkway
Z1203329K,Anne-corinne Perham,754398702,8280 Mockingbird Center
Y7977863E,Kendricks Antusch,999057295,7 Dakota Street
Z9020658H,Lesli Shankland,711865019,95398 Summer Ridge Hill
Z5122813K,Esmeralda Lilleycrop,797971429,73 Green Ridge Plaza
Z1555998K,Josey Cake,617109065,3 Nelson Center
Z9538969C,Griffy Dutteridge,999779041,86 Crownhardt Court
Z8402518E,Joane Parsell,758592956,51 Cambridge Park
Z4371673E,Colby Gian,681612162,7532 Utah Junction
Z5167257K,Lyon Bohea,683966686,1535 Westerfield Hill
Y4307564E,Donia Vokins,795840095,941 Center Avenue
Z8170691E,Barclay Burfield,783411486,9 Beilfuss Point
X9317311L,Tremain Lockton,792056806,55034 Delladonna Pass
Z9014233C,Truda Garrett,982060243,50790 Swallow Street
X7161813E,Charmian Proske,701078011,45456 Green Terrace
X7669848E,Ettore Camoys,760576004,32189 Sunbrook Center
X5713643E,Delmer Lannin,792527370,7 Carberry Plaza
Z9463286E,Morton Nix,611455227,3440 Upham Hill
Y7218190C,Adamo Mathy,634929225,6 Anzinger Trail
Y2723346E,Oralla Locard,682387297,1829 Maywood Street
Z7402926H,Pippo Pachmann,735135929,2060 Bunting Way
Y2144886K,Tobiah Mathen,922084153,2 Schurz Court
